,cycle_life,DeltaQ_logVar,DeltaQ_Min,DeltaQ_Skew,DeltaQ_Kurt,QD_Max-2,QD_2,slope_capacity_fade_2-100,intercept_capacity_fade_2-100,slope_capacity_fade_91-100,intercept_capacity_91-100,init_avg_charge_time,avg_T,min_IR,IR_100-2
b1c0,1852.0,-5.014861042960788,-0.008459642934268818,-0.5320584720505735,-1.3483118916844854,0.46836520000000004,1.0706892,-0.00020680701298702559,1.0911437324098123,3.5323636363640216e-05,1.0724246927272723,13.374893999999992,31.603747328822767,0.016443744,-7.520000000000096e-05
b1c1,2160.0,-5.013959617162855,-0.011003816596621974,-0.4293749031928047,-1.0291160019202557,0.009288300000000138,1.0753012,5.535292516996646e-06,1.0809645798796121,-4.1299999999954105e-05,1.0847669999999952,13.409150000000002,31.33031430692745,0.0,-4.199100000000164e-05
b1c2,2237.0,-4.7369997419805365,-0.017216391849644463,-1.0801942790076273,0.3486368188757716,0.008131200000000005,1.0799223,1.029562523190522e-05,1.0848461200828694,-4.41969696969067e-05,1.0893643206060537,13.358242333333328,31.47958411321121,0.0,-1.3807000000001096e-05
b1c3,1434.0,-4.442613359277012,-0.018960539773269502,-0.43905046294046807,-1.0954158488747705,0.006530099999999983,1.0797229,1.713634755720612e-05,1.0840750159715518,-3.684242424221018e-06,1.0851310951515127,12.025139666666673,29.942198807956427,0.0,3.858100000000281e-05
b1c4,1709.0,-4.647743660307859,-0.013957995093677344,-0.36254812672859005,-1.3338305761630276,0.005899899999999958,1.0784167,1.8994317872600686e-05,1.081874821101629,-2.9326666666601938e-05,1.0855383466666602,12.041850666666674,31.44888383416564,0.0,-5.331399999999875e-05
b1c5,1074.0,-4.178877963304522,-0.025178778949337288,-0.1493501482196471,-1.227526520149324,0.005943800000000055,1.0761266,1.1228400742106591e-05,1.0797547949964965,-2.322303030302217e-05,1.0820849993939383,10.967849666666668,30.92149771366389,0.015922785,-0.0001118670000000016
b1c6,636.0,-3.7688779002277237,-0.03788603931347978,-0.40793584962018636,-1.2380700944581655,0.006303200000000064,1.0758358,-4.808646876931291e-06,1.081157025839208,-6.222545454541302e-05,1.0854849109090863,10.07647899999999,32.27384521945563,0.0,-0.0003333460000000017
b1c7,870.0,-3.8134860773269867,-0.03823338650707442,-0.3334166199580946,-1.120535904128327,0.004104200000000002,1.0938644,-6.428188002471834e-06,1.0972542699113579,-4.056606060604499e-05,1.099840618787877,10.02508166666667,31.990084509217034,0.0,-3.842100000000029e-05
b1c9,1054.0,-4.059383677769545,-0.028724475696229934,-0.4275910282835675,-1.1821708568020548,0.005975700000000028,1.0829742,1.8204385899803856e-05,1.0867714248039582,-1.3036969696956e-05,1.088946320606059,11.207955999999994,32.64153361126789,0.016611163,-3.366599999999817e-05
b1c11,788.0,-4.146896530502188,-0.023691513033622602,-0.5948478865400659,-1.205555466507367,0.009460400000000035,1.0537786,2.180940259740553e-05,1.0589716063261183,-1.1643030302975241e-05,1.0611175193939337,11.668875999999987,32.75932260623101,0.0,-0.0003035779999999988
b1c14,880.0,-4.046069839990279,-0.0282939556930506,-0.28245263733712345,-1.3132871189250308,0.006877699999999987,1.0709661,2.6234124922696702e-05,1.0747649768006595,-1.9479999999952353e-05,1.0781431199999951,10.764334,33.07746279993842,0.016649306,-6.811500000000054e-05
b1c15,719.0,-4.017949103167607,-0.02894455469678503,-0.4819985506782299,-1.250455985410066,0.008215100000000142,1.0611236,2.904936054421132e-05,1.066175368470831,-2.4367272727256417e-05,1.0701701345454528,10.797705666666673,33.147720104395674,0.016542939,-0.0002532960000000001
b1c16,862.0,-4.099413675443745,-0.027606674842371115,-0.12294982972227239,-1.228098401990385,0.007425499999999863,1.0811664,2.3160274582555588e-05,1.0852883825619455,-3.059757575753082e-05,1.0893639884848438,10.11310766666668,32.41716254671688,0.0,-1.4819000000002719e-05
b1c17,857.0,-3.970159451162403,-0.031067967108938555,-0.25598794617561316,-1.2907022981003802,0.007173799999999897,1.072052,1.7886231292529564e-05,1.0761940385677176,-1.2675757575731358e-05,1.078266404848482,10.146880666666664,32.088753858534446,0.016238289,2.2162999999998656e-05
b1c18,691.0,-3.650080545153841,-0.04413321540827286,-0.05207889132502616,-1.346528286080605,1.8179140000000003,1.0661705,-0.0002945415905998685,1.101465003948876,-0.00010586606060609139,1.074975858787882,9.958173666666676,31.831057275618022,0.015845969,-0.003994543
b1c19,788.0,-3.6199068274368353,-0.04589269342650848,-0.2734236630130664,-1.2754147788119155,0.004190699999999881,1.0851147,-1.035584539268851e-05,1.0888966198321983,-3.325272727268405e-05,1.0903139454545412,9.924738333333329,33.044085397077396,0.016205151,-6.60869999999994e-05
b1c20,534.0,-3.367237410245857,-0.06358042689660326,0.24167276572580954,-1.0727210228955253,0.003094200000000047,1.07263,-0.00013977618181819156,1.0769696711313128,-0.00023311272727271362,1.084587725454544,9.021115000000016,32.15292201754506,0.0,-0.000580528000000002
b1c21,559.0,-3.3503380515995875,-0.06472026276575493,-0.09016665223320511,-1.1430823300485558,0.0034874000000000294,1.0824388,-8.178444155843218e-05,1.0863975044992775,-0.00015905272727271313,1.0926492854545438,8.964706333333336,33.13697371135653,0.0,-0.0002038070000000003
b1c23,1014.0,-4.0407936433278895,-0.029953516931757296,-0.14317440365637843,-1.2306058551197139,0.004492999999999858,1.0792934,-6.950910327761916e-06,1.0828155540024735,-2.0429696969639507e-05,1.0837394460605998,11.447006333333357,31.99077454717494,0.016472535,-9.143999999999125e-06
b1c24,1017.0,-3.938662523656534,-0.03184213409789827,-0.33886310774417266,-1.2741881895082756,0.004539499999999919,1.0745355,2.0242585034006836e-06,1.077929949685013,-7.403393939389908e-05,1.0845231212121171,12.147216,33.378063951824195,0.016390581,-4.86200000000131e-06
b1c25,854.0,-4.027888820540259,-0.02944117289056547,-0.35793477555398945,-1.2413942729375074,0.004678599999999866,1.0752345,5.129313543737864e-07,1.0788217283797144,-3.2210303030256044e-05,1.0812880539393892,12.130126666666674,33.848557073949294,0.016397864,-1.1263999999996943e-05
b1c26,870.0,-3.7952199967853435,-0.03835445363245393,-0.11706816411704128,-1.2766699504628691,0.003894800000000087,1.0876514,-1.5210461348173218e-05,1.0913500214075444,-9.834424242422031e-05,1.0986254751515128,10.764819666666668,33.15641406115227,0.016129743,1.2887999999999095e-05
b1c27,842.0,-3.8537032000559392,-0.03583211964634625,-0.2895185222964574,-1.2368251713034262,0.003953399999999885,1.0790461,-1.0758799010516573e-05,1.0825847381434757,-1.3313333333312718e-05,1.082296433333331,10.796985333333323,33.89497000372245,0.015953196,3.187999999999802e-05
b1c28,860.0,-3.844711807496199,-0.03721348031974192,-0.14263301031252343,-1.2384823669741583,0.003846999999999934,1.0777475,-7.726680272096697e-06,1.081089689986806,-3.4805454545449595e-05,1.0831756309090899,11.129907333333346,33.773800525042,0.016467512,6.377100000000066e-05
b1c29,917.0,-3.8382817049630766,-0.036868449881918286,-0.13762996295439459,-1.2785185818791822,0.004349200000000053,1.0794537,-5.212719851576873e-06,1.0830486699245518,-3.72642424241921e-05,1.0855591551515096,11.179535333333334,32.70415601771739,0.016308507,1.7818000000002776e-05
b1c30,709.0,-3.744699217898308,-0.04081538502439652,-0.28519142358197425,-1.2269916421555163,0.003954500000000083,1.0798637,-1.63682189239311e-05,1.0836584963368376,-3.745818181813267e-05,1.0851528363636311,10.130179666666669,33.54008830692456,0.015838005,5.842799999999926e-05
b1c31,876.0,-3.777732624088043,-0.03947820648424727,-0.11073292820710413,-1.2421226847427715,0.003694199999999981,1.0946392,-2.6201082251088768e-05,1.0984046602453104,-4.08012121212087e-05,1.0994466157575753,10.11367266666668,30.375396745150564,0.016684072,1.0658000000000195e-05
b1c32,731.0,-3.6464634970703615,-0.04556628526257467,-0.15565603118726665,-1.2794467204381477,0.003820099999999993,1.0778366,-1.2776272108856322e-05,1.0813230393725,-3.835454545451343e-05,1.083227069090906,10.096438,33.08050304573434,0.015933495,5.134400000000178e-05
b1c33,757.0,-3.6670575975866413,-0.044901781211682756,0.0648321072722398,-1.2327428086034982,0.004335399999999989,1.0924908,-2.1812165739019386e-05,1.096604066917336,-4.613878787875024e-05,1.09837556424242,10.146428666666663,33.67169761442224,0.016214989,-1.720699999999825e-05
b1c34,742.0,-3.848616157008837,-0.037218141748807665,-0.15090116468663067,-1.179900135451435,0.004865000000000119,1.0766174,-3.129647495379356e-07,1.0800859500911149,-3.0090909090887494e-05,1.0824499818181796,11.06793699999998,32.66455167507311,0.016567618,-2.8376000000000096e-05
b1c35,703.0,-3.7726058155960294,-0.039152034335048436,-0.09448727078656764,-1.2999242276573166,0.00507919999999995,1.0707464,3.1953209647344842e-06,1.0743447123681718,-2.630666666661144e-05,1.076614706666661,11.05119499999999,32.09733437854189,0.016647711,3.243499999999733e-05
b1c36,704.0,-3.6695013425959444,-0.044621405961221994,-0.024120388445710256,-1.2877295595088152,0.004527799999999971,1.0778315,-7.183043908481873e-06,1.0816428948352919,-4.102181818178152e-05,1.08432308363636,11.524843333333349,32.04688205693082,0.016229769,8.785199999999938e-05
b1c37,648.0,-3.673938893314921,-0.044544784957630146,-0.23647587048054397,-1.2637732127261774,0.004472400000000043,1.0748194,-9.680958565242814e-06,1.0785237713110694,-4.378787878785119e-05,1.0811773424242392,11.57439200000002,32.95969887229894,0.016318144,6.718000000000002e-05
b1c38,617.0,-3.4330481735466756,-0.05641559694699583,-0.06381042216810003,-1.3483479281632569,0.003646500000000108,1.0729513,-9.437124304264274e-06,1.076282799400123,-7.160606060609689e-06,1.0756644878787882,10.243066666666685,33.69474656343401,0.016066672,8.89640000000004e-05
b1c39,625.0,-3.5045337204530713,-0.053143954091811496,-0.152502333206465,-1.277189897493371,0.004689399999999955,1.0817773,-3.2944774273294835e-06,1.0858270173386924,-2.5559393939355322e-05,1.087359352121208,10.258443000000007,33.50643317156701,0.016519627,9.157099999999863e-05
b1c40,966.0,-4.0552127051547355,-0.02909570881628587,-0.24850466403431104,-1.2414941194014202,0.004503299999999877,1.0833029,-8.204863327159382e-06,1.0873484258074626,-4.2146060606036065e-05,1.089952278787876,12.071222666666685,33.45968416375564,0.016480761,6.656899999999896e-05
b1c41,1051.0,-4.071513969179501,-0.02850629135902205,-0.23135631340210783,-1.2429492659603925,0.0049074999999998425,1.0789614,-1.3855287570561596e-07,1.0828938530653471,-3.188727272728223e-05,1.085361974545455,12.087368000000005,33.07332253245542,0.016552322,-9.889999999998511e-07
b1c42,702.0,-3.6658557852690015,-0.04470964572873015,-0.10769408431100083,-1.3162418798566866,0.004959500000000006,1.0798725,2.113598021026299e-06,1.0837813903393112,-3.2625454545436955e-05,1.086507070909089,11.171093666666682,33.58506724391689,0.016511114,0.00010331400000000018
b1c43,651.0,-3.667779071634814,-0.044605890152637384,-0.23725353594012447,-1.3026127286464535,0.003432099999999938,1.0682389,-2.401481014224909e-05,1.0717469502667492,-3.969454545455189e-05,1.0728037690909094,11.170874333333334,33.339782658681436,0.015904058,0.00012785400000000016
b1c44,616.0,-3.42070000480644,-0.05879707165403769,0.13907984932279427,-1.2892846015980648,0.0035623999999998546,1.0847682,-3.3615460729744066e-05,1.0885564602143891,-5.139272727272215e-05,1.0898540654545448,10.271104333333334,32.55333216968653,0.017142953,0.00015277100000000293
b1c45,599.0,-3.425292235698853,-0.059403509916114317,0.11519776583282074,-1.280392401163963,0.004482499999999945,1.0839558,-1.2920053184909847e-05,1.0878183732174806,-3.89696969696861e-05,1.089747546060605,10.254465333333325,33.0005473910965,0.016382927,0.00015038399999999993
b2c0,300.0,-2.745713141665477,-0.135422471569059,0.48886246237697145,-0.8824477502085513,0.0035296000000000216,1.0700541,-0.00035473076190477857,1.0788386304733046,-0.0006967945454545202,1.1087324690909066,10.244164666666716,30.048713446074856,0.016423751,-0.0002129899999999997
b2c1,148.0,-2.7269009268552273,-0.13802623729851882,0.9309968125740736,-0.5094314833198457,0.001545899999999989,1.0720705,-0.0010921046972170662,1.0844083274368579,-0.0014057492121211785,1.1092497957575722,10.327657333333335,32.4100534814678,0.016267318,-0.0008329789999999976
b2c2,438.0,-3.49325877973462,-0.05456393847056212,-0.17019880095204717,-1.2838328727657737,0.006428299999999831,1.0735391,-1.279140507111674e-05,1.0786796212545864,-5.644121212120986e-05,1.0816378557575754,10.07561500000001,32.74589101643199,0.017209327,-0.00023208199999999804
b2c3,335.0,-2.9295461799013296,-0.10074125831452208,0.4220609135432645,-1.0346303883299823,0.0020588999999999746,1.0668509,-0.00022737416821274982,1.0725205381344056,-0.00035532242424240795,1.0823446315151497,10.135262999999977,33.65516741903765,0.015852956,-0.0003338249999999994
b2c4,444.0,-3.352005048686579,-0.06400817182434693,0.16003399268822763,-1.1373703168595544,0.002749899999999972,1.0728973,-0.00010675010018554114,1.0773306450084517,-0.00018949333333327724,1.0841057933333276,10.124654999999958,32.9024450940803,0.015997788,-0.0008551600000000006
b2c5,480.0,-3.6026950184150652,-0.048099794600601986,-0.07932932924717329,-1.273671277597151,0.005005300000000101,1.0680153,-1.1376598639697722e-06,1.0720320358045774,-7.461333333330504e-05,1.0781541333333302,10.162866333333271,32.05251533041326,0.016727364,-0.0003085009999999992
b2c6,511.0,-3.2443895460665364,-0.07245715685808674,0.4352605158316442,-1.0128036644455973,0.003792100000000076,1.0687391,-0.0002143858466295678,1.0756582428245722,-0.00029069090909085313,1.081211721818176,10.194622666666692,32.77341800154968,0.015648872,-0.0010291889999999998
b2c10,561.0,-3.6263133993352747,-0.04832211175709711,0.1655272005478084,-1.0910356400913934,0.004889700000000108,1.0690521,-6.0013924551627114e-05,1.0745925687379914,-0.00016594303030300993,1.0834730193939373,10.114951000000001,33.40783701030165,0.017548179,-0.0005793579999999986
b2c11,477.0,-3.462718089422487,-0.05649096864671366,0.08801698348090896,-1.209469188099545,0.004223899999999947,1.0717047,-4.145734199134857e-05,1.0763249385829727,-0.00012593212121208536,1.0832088575757537,10.10707599999999,33.20898159528337,0.017036082,-0.0005227400000000007
b2c12,458.0,-3.3201098522133483,-0.06644566575490918,0.3516016325069566,-1.0841283580532208,0.41784319999999986,1.0712759,-0.0001480130797773645,1.0765019741393522,-0.0002437212121211772,1.084382515757572,10.172638666666657,33.60048951209876,0.016133603,-0.0009562770000000019
b2c13,483.0,-3.1848180062124536,-0.07693197566449916,-0.050698993637613814,-1.161868336628713,0.00293180000000004,1.080285,-0.00012120364131108045,1.085154312979592,-0.00018614909090904183,1.0902312581818128,10.230923666666637,33.36424175210755,0.016480118,-0.000497062999999999
b2c14,485.0,-3.4987518062973493,-0.05223081882113367,-0.11279803290007107,-1.3229641692094989,0.004814700000000061,1.0780684,-3.970303030308411e-06,1.0822715622222223,-4.309393939392793e-05,1.0852221012121197,10.114209000000022,32.86840487751302,0.016895344,-0.00013306699999999713
b2c17,494.0,-3.4289915980285874,-0.057819507347871224,-0.30070861425711404,-1.2581727076931584,0.011064600000000091,1.0656468,2.0565896103892536e-05,1.0735338261673883,-7.101999999995682e-05,1.0806241999999955,10.161191000000011,31.430277523225126,0.016974878,-0.0005044030000000005
b2c18,487.0,-3.52765465024867,-0.05543326744917498,0.09958102022815415,-1.011572371266192,0.0037713999999999803,1.063838,-8.156308843538673e-05,1.068283110439497,-0.00014164181818174086,1.0729195036363557,10.185974333333434,32.95677440505808,0.016697574,-0.00043553699999999973
b2c19,461.0,-3.3160048790440793,-0.06454090919506761,-0.03846874117541009,-1.2304444249470916,0.0016424999999999912,1.0480373,-0.00017850782312925473,1.051277032312925,-0.00017143212121207942,1.0499717575757532,10.333377000000038,32.44089419797574,0.01643493,-0.0010348690000000008
b2c20,502.0,-3.720936455795167,-0.04372112144896256,0.08476557539147372,-1.085962933736715,0.006389599999999884,1.0831043,-6.300379715535068e-06,1.0882770415877143,-8.797212121208502e-05,1.0949675775757535,10.147932999999998,32.652443174412284,0.017116761,-9.665400000000157e-05
b2c21,489.0,-3.526536349841589,-0.05879623245599591,0.12807503112581559,-1.1938588714828506,0.005136999999999947,1.0768799,-4.397544712431055e-05,1.0821369467932382,-0.00010907454545456383,1.0873762490909107,10.121576000000058,32.35872588704418,0.017165525,-0.00025887299999999974
b2c22,513.0,-3.55434686234817,-0.05060182742066244,-0.0534786809217161,-1.2687503444766817,0.005646800000000063,1.079723,-8.084566481145205e-06,1.0846159310723564,-8.592060606059612e-05,1.091102887878787,10.147471666666629,31.93073263477864,0.016888004,-0.00034553699999999993
b2c23,527.0,-3.5262591405911756,-0.0524021602869269,0.2676053781658962,-1.1686738898605398,0.0035600000000000076,1.0745209,-6.655335683364443e-05,1.0789011737237684,-0.0001257521212121093,1.083801217575756,10.250746999999972,32.25237066740248,0.01690297,-0.0008254600000000001
b2c24,495.0,-3.695801909027004,-0.04403731485993989,-0.14064400776525063,-1.1759479173545964,0.0054579000000001265,1.0679682,2.7728014842499135e-06,1.0719389194475357,-8.551999999999948e-05,1.0795089999999998,10.058892999999903,30.080366485164745,0.016777694,-0.000260558000000001
b2c25,461.0,-3.4524627547437436,-0.05694545422109232,-0.02246698038809996,-1.2669993101850092,0.004897099999999988,1.0672674,-3.0330352504651153e-05,1.0720936338363225,-0.000126160606060609,1.080208467878788,10.041986666666732,29.80710204425891,0.016953357,-0.0005538330000000001
b2c26,471.0,-3.4071609737940496,-0.05894641656461341,0.0748635403201679,-1.3106407552293575,0.005885200000000035,1.0766411,-3.700558317872856e-05,1.0825613140350443,-0.00012345272727269784,1.0896521654545424,10.008232333333337,31.658500115459308,0.017301282,-0.0005770190000000015
b2c27,468.0,-3.5618083547391297,-0.050249948472820494,-0.09078190936589238,-1.2659572716487812,0.005946000000000007,1.065841,4.945726654229533e-07,1.070597695985982,-6.73793939393365e-05,1.076084512121206,10.147409333333345,32.00299248761868,0.017141469,-0.00026701000000000155
b2c28,509.0,-3.522279677918321,-0.051673040146065996,-0.13164807193991912,-1.2974451301497614,0.006313199999999908,1.07155,6.730389610365052e-06,1.076352866291487,-5.9113333333269794e-05,1.0821735133333268,10.139686333333374,33.061815940618864,0.01686197,-8.498300000000028e-05
b2c29,498.0,-3.7089030308241906,-0.04109799430146632,-0.2857673827106419,-1.3624568969037734,0.00683749999999983,1.0725043,3.279143846628118e-05,1.0765747517897348,-1.813999999994035e-05,1.0804790399999935,10.114581000000035,33.487092714604984,0.016837668,4.101199999999999e-05
b2c30,481.0,-3.60479416427449,-0.047269755499961374,-0.1991142630932543,-1.2890948320477866,0.005877600000000038,1.0672802,8.458444032155802e-06,1.0717198446068856,-6.417151515149409e-05,1.0776536296969672,10.097333666666673,32.406531360848675,0.017394017,-0.0003156800000000022
b2c31,492.0,-3.6270635017270894,-0.04537904057587694,-0.004593957842831951,-1.3586490974590375,0.006845800000000013,1.0732793,1.2657374149671232e-05,1.078573639574933,-5.829212121212181e-05,1.0843808175757577,10.146884333333388,31.786557142522287,0.017417014,-3.7203999999999016e-05
b2c32,519.0,-3.4870701171082983,-0.05781234107024402,-0.20838005930397047,-1.3054991323034735,0.0066597999999999935,1.0742669,1.7829948051939323e-05,1.0787645322453105,-3.527454545453974e-05,1.0831186490909082,10.130439333333392,33.24763715966938,0.017273866,0.00010941399999999865
b2c33,520.0,-3.683620054687148,-0.043172684082858126,-0.07471671696817081,-1.3530181363625307,0.006544000000000105,1.079052,2.068756709955474e-05,1.083521289633478,-1.623030303027661e-05,1.086236693939391,10.129248333333331,32.97224982580327,0.017406421,9.907600000000003e-05
b2c34,499.0,-3.7034372387455874,-0.042399077507993876,-0.12643071866059943,-1.3474658271248725,0.0068525999999999865,1.0688509,2.0926824984542034e-05,1.0736106127338692,-5.001878787872624e-05,1.0796493242424177,10.164115000000068,33.431122410662226,0.017337065,-0.00014857000000000065
b2c35,463.0,-3.488171401628493,-0.05344959380529979,-0.18688014653904744,-1.3795529259556338,0.005766500000000008,1.0687217,-2.8044155844817347e-07,1.0733551984790768,-7.217515151511273e-05,1.0790954969696929,10.130293333333345,33.6342839413372,0.016969517,-0.00037834599999999816
b2c36,535.0,-3.564054356948233,-0.049023414340158666,-0.32954284265101375,-1.3207179929450572,0.006338799999999978,1.079731,2.4055760049458164e-05,1.083945036035457,-3.1186060606064623e-05,1.088271478787879,10.147721666666623,33.414651242294276,0.020022187,9.954900000000086e-05
b2c37,478.0,-3.5231372873422977,-0.051133704157389825,-0.11265371234794906,-1.3788442515951647,0.0068574000000001245,1.0748166,3.5050378478661116e-05,1.0788960700915273,-3.1763636363596645e-05,1.0843739072727232,10.114688333333323,31.945393626512313,0.01798249,9.341199999999758e-05
b2c38,465.0,-3.536241264656527,-0.0513826023277012,0.04045665313697567,-1.3193551725527999,0.005798600000000098,1.0699497,1.645809276440032e-05,1.074105116056894,-4.3355757575756224e-05,1.0789554048484848,10.148493333333317,32.17443347288497,0.017577264,-3.56749999999989e-05
b2c39,459.0,-3.5055978071589906,-0.05204482428940749,0.05030284471181315,-1.3871948371953673,0.0084206,1.0784613,3.186357946814491e-05,1.0842843988612656,-2.6480606060598768e-05,1.088829987878787,10.14447933333339,32.129761209101325,0.017882114,7.446499999999925e-05
b2c40,499.0,-3.5598626846034156,-0.050290984061834854,0.0315894195355597,-1.3134568638159831,0.006568300000000082,1.0765519,-1.993067903524704e-05,1.0822686636206962,-5.3973939393979095e-05,1.085115201212125,10.131583333333303,33.3410543545083,0.016943704,-0.0004695480000000002
b2c41,429.0,-3.43908203442455,-0.056580278233460984,-0.13595647963467158,-1.3806244106516372,0.007903900000000075,1.0682049,1.6646565244278317e-05,1.0738826716371874,-6.888181818182528e-05,1.0809492036363644,10.12803633333339,33.13252315037761,0.017491397,-7.858999999999991e-05
b2c42,466.0,-3.587295399410688,-0.049971845159813344,0.07671260717935179,-1.2442427331207497,0.0060867000000000004,1.0780239,1.1841173778589054e-05,1.0825180445817362,-6.917575757573417e-05,1.0893855248484825,10.13045433333328,33.13768962997446,0.016997622,-9.295299999999979e-05
b2c43,462.0,-3.3949683603243996,-0.059425210391605865,-0.010141831236202145,-1.3617956982410178,0.007075399999999954,1.0735646,1.2511228200365391e-05,1.0789762526143063,-2.661575757573978e-05,1.0816806048484828,10.12917433333331,33.01174006776376,0.017879792,9.035099999999893e-05
b2c44,457.0,-3.4525813382033177,-0.05693356036438246,-0.04075354164192798,-1.2930399359563824,0.4738314000000001,1.070887,2.2273128014824623e-05,1.0752136421884149,-2.2567272727270363e-05,1.0786847145454541,10.146905333333368,33.028337173785644,0.017408777,0.00018632600000000055
b2c45,487.0,-3.6884176625214473,-0.04351598081504393,0.028860295959305247,-1.2972087444918443,0.005185599999999901,1.0704726,-7.060436611018284e-06,1.0748679741863536,-7.212787878782666e-05,1.0801704624242368,10.097114000000099,32.61634777559467,0.01683791,-0.00012690599999999955
b2c46,429.0,-3.368943335394509,-0.06026799631627744,0.0622967872226835,-1.3554859723387906,0.007384199999999952,1.0726138,2.937985776126966e-05,1.0776319656380136,-1.3175757575755205e-05,1.0808451848484844,10.146917333333306,32.31134416709594,0.017551575,0.0002477779999999971
b2c47,713.0,-4.033930642894341,-0.029613238356986482,-0.27146857251669937,-1.210870366571767,0.008112700000000084,1.0421375,-9.553367965372609e-06,1.049389155099567,-7.966727272723889e-05,1.0549482145454512,10.112717000000023,32.405519276530356,0.017025596,-0.0008362810000000012
b3c0,1009.0,-4.245114870317645,-0.02331165742747432,-0.19512162119318677,-1.1718837880266881,0.003916099999999867,1.0674551,-5.346195423630612e-06,1.0706590913201406,-4.1850303030267946e-05,1.0735924739393903,10.044530999999989,32.194853230782606,0.015180224,-0.00012841200000000136
b3c1,1063.0,-4.28554271039912,-0.022324177554068236,-0.2863695436051661,-1.1239942266253167,0.003679599999999894,1.0650603,-1.4719340754480147e-05,1.0684723580956497,-6.469515151512864e-05,1.0728812169696946,10.041138666666567,34.83231929224147,0.014931546,-0.00010282300000000015
b3c3,1115.0,-4.116607770381197,-0.026836614735112785,-0.4795495922194519,-1.0204009571273698,0.0026450000000000085,1.0628892,-1.265485466915565e-05,1.065298417790147,-7.747878787876664e-05,1.0711947842424216,10.042065333333351,36.08374244976545,0.014885032,5.60549999999993e-05
b3c4,1048.0,-4.178465673149821,-0.024810275761238065,-0.4358594530739961,-1.108117428835132,0.0027884999999998605,1.0724765,-5.233104514529341e-06,1.07480465802721,-2.3760606060599208e-05,1.076184467878787,10.045031333333366,32.11715379681872,0.015085269,-6.733400000000049e-05
b3c5,828.0,-4.114423974726586,-0.025445098246365427,-0.16298210025008256,-1.284729377655977,0.0026052000000000852,1.0514506,-1.602090043290385e-05,1.053974207336219,-6.302727272728557e-05,1.0580870145454555,10.041910000000012,35.56013985266867,0.015130546,-0.00016723399999999874
b3c6,667.0,-3.5257081929454923,-0.05320164659124538,0.48315863084518784,-0.8670783975112881,0.00045920000000010397,1.0626124,-0.00020239778849721616,1.06408199933457,-0.00024328727272723328,1.0680148345454503,10.06247166666663,34.1072055276095,0.013527169,0.00032014799999999927
b3c7,1836.0,-4.488742187967907,-0.017059021835070354,-0.34078293270641924,-1.200764084320108,0.003397199999999989,1.0675218,-2.3574483611626007e-06,1.070297655118944,-6.748666666663957e-05,1.076085286666664,11.041577333333311,32.79694473003086,0.015372629,-3.5402999999999823e-05
b3c8,828.0,-4.091803757442373,-0.026848970612832312,-0.21507198874661293,-1.27915350756365,0.003978199999999932,1.0647362,-3.3089511441033535e-06,1.0681748474174395,-3.7736969696902215e-05,1.0708422406060534,10.044950000000002,33.05552416009523,0.01520093,-0.00017268099999999918
b3c9,1039.0,-3.982296953008088,-0.0295752747869662,-0.05584860799805731,-1.3472162794731597,0.00388809999999995,1.0694826,6.680531849053696e-07,1.0728252555501963,-8.253333333351205e-06,1.0732397333333348,10.041749333333332,33.08832983925303,0.015742281,-2.9396000000000977e-05
b3c10,1078.0,-4.4113559240265765,-0.019093025885229542,-0.2449564866670881,-1.1918753068944838,0.003226200000000068,1.0617746,-2.875965367963509e-06,1.0645252641327556,-0.00011395212121205489,1.0746039575757507,11.045003333333321,32.5348014795901,0.015318613,-0.00014386399999999876
b3c11,817.0,-3.884921164468091,-0.034087374997818,-0.14019258288482342,-1.2656063363142076,0.0026927999999999397,1.0680679,-1.7682165739035748e-05,1.070729462169862,-3.901878787880201e-05,1.0722465442424254,10.042218333333295,34.20373702283128,0.015485173,-4.955999999999884e-05
b3c12,932.0,-3.9467899768101886,-0.03173492178819726,0.009007907579175856,-1.2833709230089114,0.002777699999999994,1.0741653,-6.679463203471848e-06,1.0766760324213565,-2.380969696963942e-05,1.0779402660606001,10.04249166666661,33.2205731520236,0.01599754,-4.0385999999999894e-05
b3c13,816.0,-4.094466485311571,-0.027646083960900736,-0.25826873554691865,-1.1979388802958741,0.004086699999999999,1.065558,-1.2185193568331097e-05,1.0693350771952168,-4.978545454541661e-05,1.0722577309090868,10.042319666666685,34.11768528185422,0.01506449,-0.00014514099999999967
b3c14,858.0,-3.999667694941731,-0.029282360362737236,-0.19204286282934238,-1.3198368224743084,0.005038600000000004,1.0727056,4.636107606672727e-06,1.0767793645726653,-1.6985454545444603e-05,1.0781103509090897,10.041712000000018,33.11953606667905,0.015496999,-7.740999999999998e-05
b3c15,876.0,-4.000684421929468,-0.02948434500233621,-0.15382378764959165,-1.2842654825214415,0.002858699999999992,1.0684187,-1.1564622139772376e-05,1.0711365179513508,-7.973333333329825e-05,1.0770642933333296,10.041533666666655,33.51055049283859,0.01525728,-9.027200000000062e-05
b3c16,1638.0,-4.694513499472995,-0.013451995639618852,-0.05327197818466717,-0.8886326372546569,0.0033308999999999145,1.061009,-9.691301175023345e-06,1.0640031119154814,-8.315333333328989e-05,1.0705421733333285,11.04336633333335,34.94134876933804,0.015253145,-0.00012093599999999857
b3c17,1315.0,-4.439713079764758,-0.017882391550413823,0.016698005314836766,-0.8152410862997628,0.002599599999999924,1.0664514,-5.8331255411278735e-06,1.067345296473304,-1.9984242424228414e-05,1.0685331951515131,10.041974333333346,35.07228784758459,0.01535425,-0.00016227499999999992
b3c18,1146.0,-4.254052001185467,-0.02345576998165999,-0.2289617001770088,-1.0571234004912051,0.0021301000000000236,1.0680237,-2.9274941249225688e-05,1.0703619310946197,-7.005818181819082e-05,1.074033416363637,10.043129666666696,35.2914180269327,0.014978203,-3.7439999999999696e-05
b3c19,1155.0,-4.171941874669042,-0.025293657704202555,-0.12087812859596625,-1.1118817229154592,0.0019749000000000017,1.0719248,-2.969135807049681e-05,1.0742350855242213,-7.901090909085632e-05,1.0787102018181762,10.043436999999928,35.09835953689969,0.015178323,-4.249000000000093e-05
b3c20,813.0,-4.066344693269561,-0.028071993572476917,-0.33953004746091525,-1.182800467385303,0.0030607000000000273,1.0650502,-7.154074211524625e-06,1.0678147557645856,-4.0721212121241394e-05,1.0705527757575786,10.04332966666664,33.10212248197412,0.015206913,-7.635700000000085e-05
b3c21,772.0,-3.704326685729231,-0.04327614857800555,0.506139744381752,-0.8460875667678058,0.0008403999999999634,1.0678563,-0.00015949170191712002,1.0701122666967626,-0.00019249454545454078,1.0731308890909084,10.067868000000017,34.900399416468076,0.01394002,0.00023393700000000003
b3c22,1002.0,-4.046822397094466,-0.028409329718630083,0.05292211155889781,-1.2689736256162139,0.002844599999999975,1.0562643,-1.5988764378470872e-05,1.0589703502156247,-5.285939393936191e-05,1.0622420321212085,10.043384333333282,34.61069656408486,0.015614755,-0.00012298300000000012
b3c24,825.0,-4.155254994876533,-0.0247723986145858,-0.3357488064002481,-1.2618522100043654,0.004855700000000018,1.0462732,9.65058874459361e-06,1.0499490280548336,-5.4730303030268256e-05,1.0555170539393903,10.042240333333272,34.68760501613314,0.01550305,-0.0001505590000000015
b3c25,989.0,-4.1465607447332715,-0.026576249209760316,-0.36635097992559806,-1.073334512646299,0.004340299999999964,1.0611302,6.950843537417345e-06,1.064468012030096,-5.590848484848053e-05,1.0698965703030299,10.041598333333386,35.58186389191699,0.015591009,-4.924599999999932e-05
b3c26,1028.0,-4.219507413901045,-0.02417913926788795,-0.3421554787701476,-1.060483006313052,0.0037909000000000415,1.0720186,-4.2884230054834176e-07,1.0751341679270245,-4.365515151509802e-05,1.0787545169696915,10.041816666666708,35.745916536891265,0.015538619,-4.2369000000000434e-05
b3c27,850.0,-4.130132310934438,-0.026600290807078597,-0.36115454159106597,-1.1141485878220703,0.004035500000000081,1.0604171,-4.03537043909565e-06,1.0639148665186564,-4.649272727277168e-05,1.0673721254545498,10.045022333333327,35.30844806776433,0.014868693,-9.954799999999965e-05
b3c28,541.0,-3.451657893017001,-0.05783112055064066,0.2996423874831566,-0.9803013452957265,0.0008316999999999908,1.0518668,-0.00019802208534322455,1.0546211465545243,-0.0002672533333332858,1.0606691533333281,10.05914166666674,35.69688828820833,0.013169404,0.00043592300000000125
b3c29,858.0,-4.0635761002012085,-0.028921475161164945,-0.3484488624765838,-1.1797578358031433,0.0048319999999999474,1.0663688,4.077620284473716e-06,1.0702923110624618,-5.9612121212085024e-05,1.0755420975757535,10.041687666666647,31.262889334066085,0.014745088,-0.00016551100000000013
b3c30,935.0,-4.1002255467806545,-0.026737169755743473,-0.3873119059789263,-1.1369092977243447,0.0036004999999998955,1.0687393,-3.416536796544932e-06,1.0718801746897548,-3.100909090906089e-05,1.074063598181815,10.043678666666674,32.24311941023021,0.015509814,-0.00011412599999999912
b3c31,731.0,-3.8396030254357147,-0.035619409739265695,-0.12085281622375785,-1.2916363144954703,0.0034605000000000885,1.0681812,-8.999562152128602e-06,1.0712586655485468,-3.540727272727527e-05,1.0732814145454543,10.046477666666663,34.00003070157337,0.015812302,-2.983200000000047e-05
b3c33,1284.0,-4.395898333073689,-0.019885925647910252,-0.42003516917202466,-1.0089250725849936,0.00264439999999988,1.060272,-1.2591045145323498e-05,1.0628013382519061,-5.6877575757552635e-05,1.0666273884848456,10.043301333333366,33.10710984192206,0.015279103,-0.00015399299999999984
b3c34,1158.0,-4.305659504591576,-0.02150989276991433,-0.184080259057273,-1.1558151157732177,0.0027430999999999983,1.061535,-2.115797278911682e-05,1.064325069743558,-7.76575757575598e-05,1.0693081484848468,10.044184666666649,35.77943527518051,0.015220164,-0.00010690799999999931
b3c35,1093.0,-4.234858289724564,-0.02302807515263361,-0.29633616843670796,-1.1528187004497665,0.002049399999999979,1.0633804,-1.9530938775518864e-05,1.0654954172714903,-4.981272727273622e-05,1.0681985454545464,10.043148666666676,35.532941501822236,0.015308049,-7.601500000000046e-05
b3c36,923.0,-4.253457920681209,-0.022981813517992444,-0.2511211297987007,-1.096826456193566,0.003076099999999915,1.0575287,-2.1971919604211045e-05,1.0604838153745622,-5.938606060600727e-05,1.0636667387878733,10.043801000000046,35.87907157748097,0.015083324,-8.82880000000006e-05
b3c38,1935.0,-4.342053043792284,-0.020147005721674938,-0.054164715839684595,-1.1768867699503416,0.0025093000000000476,1.0701473,-8.787589363032118e-06,1.0724309185726664,-6.188181818177583e-05,1.077245643636359,10.044471,34.745836319764145,0.015742945,-0.00011589700000000022
b3c39,1156.0,-4.454635076566319,-0.017457917694832736,-0.29253860298053624,-1.003013467519955,0.004107000000000083,1.0474036,-6.583238095236377e-06,1.050918795647907,-2.4110303030262593e-05,1.0520108139393898,10.043833000000012,33.887021839840784,0.015480768,-0.00015527400000000038
b3c40,796.0,-4.29510827493732,-0.022053794482172262,-0.3154308934543946,-1.138512905318865,0.004510000000000014,1.0593235,-7.692147186156953e-06,1.0633916873852818,-4.828969696967298e-05,1.0666356460606032,10.043562999999995,34.05341123035083,0.015254971,-0.00023430500000000062
b3c41,786.0,-4.2195093707566445,-0.024192993699098664,-0.3571335569959481,-1.0631301344503463,0.004361900000000141,1.0505219,9.732244897965403e-06,1.0538777989445467,-5.064727272727602e-05,1.0591494945454545,10.042974333333357,33.640262798950594,0.017006677,-0.00017313199999999945
b3c44,940.0,-4.131495522376496,-0.02598513188750473,-0.2446163658848556,-1.2383958928034313,0.004184900000000047,1.06972,4.689736549154145e-06,1.073078213334983,-1.7926666666686124e-05,1.0746688466666683,10.043435666666628,33.35164903826186,0.01551657,-0.00010574500000000084
b3c45,1801.0,-4.5208508005857535,-0.016477960740300612,-0.32814304597836497,-1.1771286021323724,0.0025961999999999374,1.0695485,-1.25845392688037e-07,1.0714722756907844,-7.187878787868297e-06,1.071735902424241,11.037649999999994,32.72596355233115,0.015557319,-7.953999999999947e-05
